<?xml version="1.0" encoding="UTF-8"?>
<TrackingData>
    <Sensors>
        <Sensor Type="FeatureBasedSensorSource" Subtype="FAST">
            <SensorID>FeatureBasedSensorSource_0</SensorID>
            <Parameters>
                <MaxObjectsToDetectPerFrame>5</MaxObjectsToDetectPerFrame>
                <MaxObjectsToTrackInParallel>1</MaxObjectsToTrackInParallel>
            </Parameters>
            <SensorCOS>
                <SensorCosID>a3c5a41389dd9759715f894171f4e505</SensorCosID>
                <Parameters>
                    <SimilarityThreshold>0.7</SimilarityThreshold>
                    <ReferenceImage WidthMM="819" HeightMM="819">a3c5a41389dd9759715f894171f4e505.jpg</ReferenceImage>
                </Parameters>
            </SensorCOS>
        </Sensor>
    </Sensors>
    <Connections>
        <COS>
            <Name>tracker_1</Name>
            <Fuser Type="SmoothingFuser">
                <Parameters>
                    <AlphaRotation>0.8</AlphaRotation>
                    <AlphaTranslation>1.0</AlphaTranslation>
                    <GammaRotation>0.8</GammaRotation>
                    <GammaTranslation>1.0</GammaTranslation>
                    <KeepPoseForNumberOfFrames>0</KeepPoseForNumberOfFrames>
                </Parameters>
            </Fuser>
            <SensorSource>
                <SensorID>FeatureBasedSensorSource_0</SensorID>
                <SensorCosID>a3c5a41389dd9759715f894171f4e505</SensorCosID>
                <HandEyeCalibration>
                    <TranslationOffset>
                        <x>0.0</x>
                        <y>0.0</y>
                        <z>0.0</z>
                    </TranslationOffset>
                    <RotationOffset>
                        <x>0.0</x>
                        <y>0.0</y>
                        <z>0.0</z>
                        <w>1.0</w>
                    </RotationOffset>
                </HandEyeCalibration>
                <COSOffset>
                    <TranslationOffset>
                        <x>0.5</x>
                        <y>0.5</y>
                        <z>0.0</z>
                    </TranslationOffset>
                    <RotationOffset>
                        <x>0.0</x>
                        <y>0.0</y>
                        <z>0.0</z>
                        <w>1.0</w>
                    </RotationOffset>
                </COSOffset>
            </SensorSource>
        </COS>
    </Connections>
</TrackingData>
